{
  "softmax_regression": {
    "val": {
      "accuracy": 0.9287491517756163,
      "classification_report": {
        "Electronics": {
          "precision": 0.9581239530988275,
          "recall": 0.9315960912052117,
          "f1-score": 0.94467382328654,
          "support": 614.0
        },
        "Glass": {
          "precision": 0.9010989010989011,
          "recall": 0.9297052154195011,
          "f1-score": 0.9151785714285714,
          "support": 441.0
        },
        "Metal": {
          "precision": 0.9047619047619048,
          "recall": 0.9193548387096774,
          "f1-score": 0.912,
          "support": 558.0
        },
        "Organic": {
          "precision": 0.9565217391304348,
          "recall": 0.9451073985680191,
          "f1-score": 0.9507803121248499,
          "support": 419.0
        },
        "Other": {
          "precision": 0.8904109589041096,
          "recall": 0.9112149532710281,
          "f1-score": 0.9006928406466512,
          "support": 214.0
        },
        "Paper": {
          "precision": 0.9290012033694344,
          "recall": 0.9334945586457074,
          "f1-score": 0.9312424607961399,
          "support": 827.0
        },
        "Plastic": {
          "precision": 0.9357959542656112,
          "recall": 0.9236111111111112,
          "f1-score": 0.9296636085626911,
          "support": 1152.0
        },
        "Textiles": {
          "precision": 0.9154228855721394,
          "recall": 0.9387755102040817,
          "f1-score": 0.9269521410579346,
          "support": 196.0
        },
        "accuracy": 0.9287491517756163,
        "macro avg": {
          "precision": 0.9238921875251703,
          "recall": 0.9291074596417922,
          "f1-score": 0.9263979697379223,
          "support": 4421.0
        },
        "weighted avg": {
          "precision": 0.9291120197734033,
          "recall": 0.9287491517756163,
          "f1-score": 0.9288480678503992,
          "support": 4421.0
        }
      },
      "confusion_matrix": [
        [
          572,
          9,
          10,
          1,
          3,
          10,
          9,
          0
        ],
        [
          1,
          410,
          5,
          1,
          4,
          4,
          16,
          0
        ],
        [
          5,
          6,
          513,
          2,
          12,
          5,
          12,
          3
        ],
        [
          0,
          3,
          4,
          396,
          0,
          6,
          9,
          1
        ],
        [
          4,
          1,
          11,
          1,
          195,
          1,
          1,
          0
        ],
        [
          8,
          4,
          10,
          6,
          0,
          772,
          20,
          7
        ],
        [
          7,
          22,
          14,
          7,
          5,
          27,
          1064,
          6
        ],
        [
          0,
          0,
          0,
          0,
          0,
          6,
          6,
          184
        ]
      ]
    },
    "test": {
      "accuracy": 0.9366497461928934,
      "classification_report": {
        "Electronics": {
          "precision": 0.9369085173501577,
          "recall": 0.9473684210526315,
          "f1-score": 0.9421094369547978,
          "support": 627.0
        },
        "Glass": {
          "precision": 0.926829268292683,
          "recall": 0.9445506692160612,
          "f1-score": 0.9356060606060606,
          "support": 523.0
        },
        "Metal": {
          "precision": 0.9324116743471582,
          "recall": 0.9309815950920245,
          "f1-score": 0.9316960859554874,
          "support": 652.0
        },
        "Organic": {
          "precision": 0.957983193277311,
          "recall": 0.9344262295081968,
          "f1-score": 0.946058091286307,
          "support": 488.0
        },
        "Other": {
          "precision": 0.8660714285714286,
          "recall": 0.8981481481481481,
          "f1-score": 0.8818181818181818,
          "support": 216.0
        },
        "Paper": {
          "precision": 0.9440715883668904,
          "recall": 0.9440715883668904,
          "f1-score": 0.9440715883668904,
          "support": 894.0
        },
        "Plastic": {
          "precision": 0.9378316906747536,
          "recall": 0.9328808446455505,
          "f1-score": 0.9353497164461247,
          "support": 1326.0
        },
        "Textiles": {
          "precision": 0.9639175257731959,
          "recall": 0.9396984924623115,
          "f1-score": 0.9516539440203562,
          "support": 199.0
        },
        "accuracy": 0.9366497461928934,
        "macro avg": {
          "precision": 0.9332531108316973,
          "recall": 0.9340157485614768,
          "f1-score": 0.9335453881817757,
          "support": 4925.0
        },
        "weighted avg": {
          "precision": 0.9368644458323482,
          "recall": 0.9366497461928934,
          "f1-score": 0.9367091105377996,
          "support": 4925.0
        }
      },
      "confusion_matrix": [
        [
          594,
          5,
          9,
          0,
          8,
          4,
          7,
          0
        ],
        [
          2,
          494,
          7,
          0,
          4,
          1,
          15,
          0
        ],
        [
          9,
          3,
          607,
          4,
          15,
          3,
          11,
          0
        ],
        [
          2,
          3,
          5,
          456,
          1,
          9,
          12,
          0
        ],
        [
          12,
          0,
          7,
          0,
          194,
          0,
          3,
          0
        ],
        [
          5,
          1,
          5,
          4,
          0,
          844,
          32,
          3
        ],
        [
          10,
          27,
          11,
          10,
          2,
          25,
          1237,
          4
        ],
        [
          0,
          0,
          0,
          2,
          0,
          8,
          2,
          187
        ]
      ]
    }
  },
  "linear_svm": {
    "val": {
      "accuracy": 0.9282967654376838,
      "classification_report": {
        "Electronics": {
          "precision": 0.9549248747913188,
          "recall": 0.9315960912052117,
          "f1-score": 0.9431162407254741,
          "support": 614.0
        },
        "Glass": {
          "precision": 0.8943965517241379,
          "recall": 0.9410430839002267,
          "f1-score": 0.9171270718232044,
          "support": 441.0
        },
        "Metal": {
          "precision": 0.9163636363636364,
          "recall": 0.9032258064516129,
          "f1-score": 0.9097472924187726,
          "support": 558.0
        },
        "Organic": {
          "precision": 0.9587378640776699,
          "recall": 0.9427207637231504,
          "f1-score": 0.950661853188929,
          "support": 419.0
        },
        "Other": {
          "precision": 0.8828828828828829,
          "recall": 0.9158878504672897,
          "f1-score": 0.8990825688073395,
          "support": 214.0
        },
        "Paper": {
          "precision": 0.9270334928229665,
          "recall": 0.9371221281741233,
          "f1-score": 0.9320505111244738,
          "support": 827.0
        },
        "Plastic": {
          "precision": 0.9340949033391915,
          "recall": 0.9227430555555556,
          "f1-score": 0.9283842794759826,
          "support": 1152.0
        },
        "Textiles": {
          "precision": 0.92,
          "recall": 0.9387755102040817,
          "f1-score": 0.9292929292929293,
          "support": 196.0
        },
        "accuracy": 0.9282967654376838,
        "macro avg": {
          "precision": 0.9235542757502255,
          "recall": 0.9291392862101565,
          "f1-score": 0.9261828433571382,
          "support": 4421.0
        },
        "weighted avg": {
          "precision": 0.928700699099739,
          "recall": 0.9282967654376838,