{
  "val": {
    "accuracy": 0.46166025786021264,
    "classification_report": {
      "Electronics": {
        "precision": 0.4671328671328671,
        "recall": 0.5439739413680782,
        "f1-score": 0.5026335590669676,
        "support": 614.0
      },
      "Glass": {
        "precision": 0.3949367088607595,
        "recall": 0.35374149659863946,
        "f1-score": 0.37320574162679426,
        "support": 441.0
      },
      "Metal": {
        "precision": 0.44251626898047725,
        "recall": 0.3655913978494624,
        "f1-score": 0.40039254170755645,
        "support": 558.0
      },
      "Organic": {
        "precision": 0.4775828460038986,
        "recall": 0.5847255369928401,
        "f1-score": 0.5257510729613734,
        "support": 419.0
      },
      "Other": {
        "precision": 0.27882599580712786,
        "recall": 0.6214953271028038,
        "f1-score": 0.3849493487698987,
        "support": 214.0
      },
      "Paper": {
        "precision": 0.5180412371134021,
        "recall": 0.4860943168077388,
        "f1-score": 0.5015595757953837,
        "support": 827.0
      },
      "Plastic": {
        "precision": 0.6210268948655256,
        "recall": 0.4409722222222222,
        "f1-score": 0.515736040609137,
        "support": 1152.0
      },
      "Textiles": {
        "precision": 0.22180451127819548,
        "recall": 0.3010204081632653,
        "f1-score": 0.2554112554112554,
        "support": 196.0
      },
      "accuracy": 0.46166025786021264,
      "macro avg": {
        "precision": 0.42773341625528166,
        "recall": 0.46220183088813127,
        "f1-score": 0.4324548919935458,
        "support": 4421.0
      },
      "weighted avg": {
        "precision": 0.48744706918910563,
        "recall": 0.46166025786021264,
        "f1-score": 0.4655659194367878,
        "support": 4421.0
      }
    },
    "confusion_matrix": [
      [
        334,
        37,
        24,
        18,
        90,
        52,
        38,
        21
      ],
      [
        57,
        156,
        47,
        35,
        32,
        38,
        67,
        9
      ],
      [
        59,
        24,
        204,
        40,
        78,
        74,
        61,
        18
      ],
      [
        16,
        19,
        31,
        245,
        21,
        50,
        23,
        14
      ],
      [
        51,
        5,
        12,
        7,
        133,
        5,
        0,
        1
      ],
      [
        72,
        44,
        61,
        57,
        45,
        402,
        87,
        59
      ],
      [
        121,
        106,
        73,
        85,
        74,
        100,
        508,
        85
      ],
      [
        5,
        4,
        9,
        26,
        4,
        55,
        34,
        59
      ]
    ]
  },
  "test": {
    "accuracy": 0.48020304568527916,
    "classification_report": {
      "Electronics": {
        "precision": 0.47381864623243936,
        "recall": 0.5917065390749602,
        "f1-score": 0.526241134751773,
        "support": 627.0
      },
      "Glass": {
        "precision": 0.4409937888198758,
        "recall": 0.4072657743785851,
        "f1-score": 0.4234592445328032,
        "support": 523.0
      },
      "Metal": {
        "precision": 0.4123505976095618,
        "recall": 0.3174846625766871,
        "f1-score": 0.3587521663778163,
        "support": 652.0
      },
      "Organic": {
        "precision": 0.46504065040650405,
        "recall": 0.5860655737704918,
        "f1-score": 0.5185856754306437,
        "support": 488.0
      },
      "Other": {
        "precision": 0.2825112107623318,
        "recall": 0.5833333333333334,
        "f1-score": 0.3806646525679758,
        "support": 216.0
      },
      "Paper": {
        "precision": 0.5302166476624858,
        "recall": 0.5201342281879194,
        "f1-score": 0.5251270468661773,
        "support": 894.0
      },
      "Plastic": {
        "precision": 0.6649377593360996,
        "recall": 0.48340874811463047,
        "f1-score": 0.5598253275109171,
        "support": 1326.0
      },
      "Textiles": {
        "precision": 0.2196078431372549,
        "recall": 0.2814070351758794,
        "f1-score": 0.24669603524229075,
        "support": 199.0
      },
      "accuracy": 0.48020304568527916,
      "macro avg": {
        "precision": 0.43618464299581916,
        "recall": 0.47135073682656087,
        "f1-score": 0.44241891041004966,
        "support": 4925.0
      },
      "weighted avg": {
        "precision": 0.5043577673054316,
        "recall": 0.48020304568527916,
        "f1-score": 0.48355464743436455,
        "support": 4925.0
      }
    },
    "confusion_matrix": [
      [
        371,
        37,
        20,
        35,
        87,
        36,
        21,
        20
      ],
      [
        61,
        213,
        59,
        34,
        32,
        47,
        70,
        7
      ],
      [
        69,
        30,
        207,
        57,
        91,
        86,
        79,
        33
      ],
      [
        21,
        33,
        31,
        286,
        16,
        67,
        21,
        13
      ],
      [
        57,
        4,
        16,
        3,
        126,
        3,
        3,
        4
      ],
      [
        67,
        43,
        63,
        58,
        33,
        465,
        114,
        51
      ],
      [
        129,
        113,
        86,
        114,
        60,
        112,
        641,
        71
      ],
      [
        8,
        10,
        20,
        28,
        1,
        61,
        15,
        56
      ]
    ]
  }
}