{
  "model": "05-models\\handcrafted\\logistic_regression.joblib",
  "feature_path": "04-features\\handcrafted_features.npz",
  "test_size": 4925,
  "accuracy": 0.4751269035532995,
  "classification_report": {
    "Electronics": {
      "precision": 0.4743083003952569,
      "recall": 0.5741626794258373,
      "f1-score": 0.5194805194805194,
      "support": 627.0
    },
    "Glass": {
      "precision": 0.44294003868471954,
      "recall": 0.4378585086042065,
      "f1-score": 0.4403846153846154,
      "support": 523.0
    },
    "Metal": {
      "precision": 0.3729071537290715,
      "recall": 0.37576687116564417,
      "f1-score": 0.37433155080213903,
      "support": 652.0
    },
    "Organic": {
      "precision": 0.4755244755244755,
      "recall": 0.5573770491803278,
      "f1-score": 0.5132075471698113,
      "support": 488.0
    },
    "Other": {
      "precision": 0.29896907216494845,
      "recall": 0.5370370370370371,
      "f1-score": 0.3841059602649007,
      "support": 216.0
    },
    "Paper": {
      "precision": 0.5305216426193119,
      "recall": 0.5346756152125279,
      "f1-score": 0.5325905292479108,
      "support": 894.0
    },
    "Plastic": {
      "precision": 0.6701149425287356,
      "recall": 0.4396681749622926,
      "f1-score": 0.5309653916211293,
      "support": 1326.0
    },
    "Textiles": {
      "precision": 0.21839080459770116,
      "recall": 0.2864321608040201,
      "f1-score": 0.24782608695652175,
      "support": 199.0
    },
    "accuracy": 0.4751269035532995,
    "macro avg": {
      "precision": 0.4354595537805276,
      "recall": 0.4678722620489867,
      "f1-score": 0.44286152511594346,
      "support": 4925.0
    },
    "weighted avg": {
      "precision": 0.5025657268760554,
      "recall": 0.4751269035532995,
      "f1-score": 0.47980207408347575,
      "support": 4925.0
    }
  },
  "confusion_matrix": [
    [
      360,
      39,
      36,
      34,
      75,
      42,
      21,
      20
    ],
    [
      54,
      229,
      72,
      27,
      31,
      46,
      59,
      5
    ],
    [
      67,
      32,
      245,
      51,
      77,
      84,
      64,
      32
    ],
    [
      21,
      36,
      42,
      272,
      10,
      70,
      18,
      19
    ],
    [
      61,
      5,
      24,
      3,
      116,
      2,
      4,
      1
    ],
    [
      63,
      45,
      76,
      52,
      29,
      478,
      107,
      44
    ],
    [
      125,
      119,
      130,
      109,
      49,
      128,
      583,
      83
    ],
    [
      8,
      12,
      32,
      24,
      1,
      51,
      14,
      57
    ]
  ]
}