{
  "model": "05-models\\handcrafted\\random_forest.joblib",
  "feature_path": "04-features\\handcrafted_features.npz",
  "test_size": 4925,
  "accuracy": 0.6529949238578681,
  "classification_report": {
    "Electronics": {
      "precision": 0.5875542691751086,
      "recall": 0.6475279106858054,
      "f1-score": 0.6160849772382397,
      "support": 627.0
    },
    "Glass": {
      "precision": 0.6374045801526718,
      "recall": 0.638623326959847,
      "f1-score": 0.6380133715377269,
      "support": 523.0
    },
    "Metal": {
      "precision": 0.7277676950998185,
      "recall": 0.6150306748466258,
      "f1-score": 0.6666666666666666,
      "support": 652.0
    },
    "Organic": {
      "precision": 0.62778730703259,
      "recall": 0.75,
      "f1-score": 0.6834733893557423,
      "support": 488.0
    },
    "Other": {
      "precision": 0.36656891495601174,
      "recall": 0.5787037037037037,
      "f1-score": 0.4488330341113106,
      "support": 216.0
    },
    "Paper": {
      "precision": 0.7264276228419655,
      "recall": 0.6118568232662193,
      "f1-score": 0.6642380085003036,
      "support": 894.0
    },
    "Plastic": {
      "precision": 0.7539432176656151,
      "recall": 0.7209653092006033,
      "f1-score": 0.7370855821125675,
      "support": 1326.0
    },
    "Textiles": {
      "precision": 0.37850467289719625,
      "recall": 0.40703517587939697,
      "f1-score": 0.3922518159806295,
      "support": 199.0
    },
    "accuracy": 0.6529949238578681,
    "macro avg": {
      "precision": 0.6007447849776222,
      "recall": 0.6212178655677751,
      "f1-score": 0.6058308556878984,
      "support": 4925.0
    },
    "weighted avg": {
      "precision": 0.6672650116166476,
      "recall": 0.6529949238578681,
      "f1-score": 0.6567265508514923,
      "support": 4925.0
    }
  },
  "confusion_matrix": [
    [
      406,
      43,
      7,
      22,
      67,
      29,
      33,
      20
    ],
    [
      38,
      334,
      25,
      25,
      19,
      24,
      54,
      4
    ],
    [
      50,
      22,
      401,
      23,
      48,
      36,
      55,
      17
    ],
    [
      9,
      14,
      11,
      366,
      16,
      30,
      25,
      17
    ],
    [
      60,
      0,
      18,
      7,
      125,
      1,
      5,
      0
    ],
    [
      45,
      34,
      38,
      47,
      26,
      547,
      114,
      43
    ],
    [
      74,
      67,
      40,
      73,
      37,
      47,
      956,
      32
    ],
    [
      9,
      10,
      11,
      20,
      3,
      39,
      26,
      81
    ]
  ]
}