{
  "softmax_regression": {
    "val": {
      "accuracy": 0.9282967654376838,
      "classification_report": {
        "Electronics": {
          "precision": 0.9580536912751678,
          "recall": 0.9299674267100977,
          "f1-score": 0.943801652892562,
          "support": 614.0
        },
        "Glass": {
          "precision": 0.9010989010989011,
          "recall": 0.9297052154195011,
          "f1-score": 0.9151785714285714,
          "support": 441.0
        },
        "Metal": {
          "precision": 0.9029982363315696,
          "recall": 0.9175627240143369,
          "f1-score": 0.9102222222222223,
          "support": 558.0
        },
        "Organic": {
          "precision": 0.9542168674698795,
          "recall": 0.9451073985680191,
          "f1-score": 0.9496402877697842,
          "support": 419.0
        },
        "Other": {
          "precision": 0.8863636363636364,
          "recall": 0.9112149532710281,
          "f1-score": 0.8986175115207373,
          "support": 214.0
        },
        "Paper": {
          "precision": 0.9290012033694344,
          "recall": 0.9334945586457074,
          "f1-score": 0.9312424607961399,
          "support": 827.0
        },
        "Plastic": {
          "precision": 0.9365638766519824,
          "recall": 0.9227430555555556,
          "f1-score": 0.929602098819414,
          "support": 1152.0
        },
        "Textiles": {
          "precision": 0.9158415841584159,
          "recall": 0.9438775510204082,
          "f1-score": 0.9296482412060302,
          "support": 196.0
        },
        "accuracy": 0.9282967654376838,
        "macro avg": {
          "precision": 0.9230172495898734,
          "recall": 0.9292091104005817,
          "f1-score": 0.9259941308319326,
          "support": 4421.0
        },
        "weighted avg": {
          "precision": 0.9286839662829537,
          "recall": 0.9282967654376838,
          "f1-score": 0.9283975528413855,
          "support": 4421.0
        }
      },
      "confusion_matrix": [
        [
          571,
          9,
          10,
          1,
          4,
          10,
          9,
          0
        ],
        [
          1,
          410,
          5,
          1,
          4,
          4,
          16,
          0
        ],
        [
          5,
          6,
          512,
          3,
          12,
          5,
          12,
          3
        ],
        [
          0,
          3,
          4,
          396,
          0,
          6,
          9,
          1
        ],
        [
          4,
          1,
          11,
          1,
          195,
          1,
          1,
          0
        ],
        [
          8,
          4,
          10,
          6,
          0,
          772,
          20,
          7
        ],
        [
          7,
          22,
          15,
          7,
          5,
          27,
          1063,
          6
        ],
        [
          0,
          0,
          0,
          0,
          0,
          6,
          5,
          185
        ]
      ]
    },
    "test": {
      "accuracy": 0.9370558375634518,
      "classification_report": {
        "Electronics": {
          "precision": 0.9369085173501577,
          "recall": 0.9473684210526315,
          "f1-score": 0.9421094369547978,
          "support": 627.0
        },
        "Glass": {
          "precision": 0.926829268292683,
          "recall": 0.9445506692160612,
          "f1-score": 0.9356060606060606,
          "support": 523.0
        },
        "Metal": {
          "precision": 0.9337442218798151,
          "recall": 0.9294478527607362,
          "f1-score": 0.9315910837817064,
          "support": 652.0
        },
        "Organic": {
          "precision": 0.957983193277311,
          "recall": 0.9344262295081968,
          "f1-score": 0.946058091286307,
          "support": 488.0
        },
        "Other": {
          "precision": 0.8628318584070797,
          "recall": 0.9027777777777778,
          "f1-score": 0.8823529411764706,
          "support": 216.0
        },
        "Paper": {
          "precision": 0.9441340782122905,
          "recall": 0.9451901565995525,
          "f1-score": 0.9446618222470654,
          "support": 894.0
        },
        "Plastic": {
          "precision": 0.9392558845861807,
          "recall": 0.9328808446455505,
          "f1-score": 0.936057510404843,
          "support": 1326.0
        },
        "Textiles": {
          "precision": 0.9641025641025641,
          "recall": 0.9447236180904522,
          "f1-score": 0.9543147208121827,
          "support": 199.0
        },
        "accuracy": 0.9370558375634518,
        "macro avg": {
          "precision": 0.9332236982635101,
          "recall": 0.9351706962063698,
          "f1-score": 0.9340939584086791,
          "support": 4925.0
        },
        "weighted avg": {
          "precision": 0.9373010434996939,
          "recall": 0.9370558375634518,
          "f1-score": 0.9371238811091286,
          "support": 4925.0
        }
      },
      "confusion_matrix": [
        [
          594,
          5,
          9,
          0,
          8,
          4,
          7,
          0
        ],
        [
          2,
          494,
          7,
          0,
          4,
          1,
          15,
          0
        ],
        [
          9,
          3,
          606,
          4,
          16,
          3,
          11,
          0
        ],
        [
          2,
          3,
          5,
          456,
          1,
          9,
          12,
          0
        ],
        [
          12,
          0,
          6,
          0,
          195,
          0,
          3,
          0
        ],
        [
          5,
          1,
          5,
          4,
          0,
          845,
          31,
          3
        ],
        [
          10,
          27,
          11,
          10,
          2,
          25,
          1237,
          4
        ],
        [
          0,
          0,
          0,
          2,
          0,
          8,
          1,
          188
        ]
      ]
    }
  },
  "random_forest": {
    "val": {
      "accuracy": 0.929201538113549,
      "classification_report": {
        "Electronics": {
          "precision": 0.9565217391304348,
          "recall": 0.9315960912052117,
          "f1-score": 0.9438943894389439,
          "support": 614.0
        },
        "Glass": {
          "precision": 0.9030837004405287,
          "recall": 0.9297052154195011,
          "f1-score": 0.9162011173184358,
          "support": 441.0
        },
        "Metal": {
          "precision": 0.9079646017699115,
          "recall": 0.9193548387096774,
          "f1-score": 0.9136242208370436,
          "support": 558.0
        },
        "Organic": {
          "precision": 0.9519230769230769,
          "recall": 0.9451073985680191,
          "f1-score": 0.948502994011976,
          "support": 419.0
        },
        "Other": {
          "precision": 0.8868778280542986,
          "recall": 0.9158878504672897,
          "f1-score": 0.9011494252873563,
          "support": 214.0
        },
        "Paper": {
          "precision": 0.9280575539568345,
          "recall": 0.9359129383313181,
          "f1-score": 0.9319686935580975,
          "support": 827.0
        },
        "Plastic": {
          "precision": 0.9389920424403183,
          "recall": 0.921875,
          "f1-score": 0.9303547963206308,
          "support": 1152.0
        },
        "Textiles": {
          "precision": 0.9158415841584159,
          "recall": 0.9438775510204082,
          "f1-score": 0.9296482412060302,
          "support": 196.0
        },
        "accuracy": 0.929201538113549,
        "macro avg": {
          "precision": 0.9236577658592273,
          "recall": 0.930414610465178,
          "f1-score": 0.9269179847473142,
          "support": 4421.0
        },
        "weighted avg": {
          "precision": 0.9295597178129287,